LinVel: x,y,z,AngVel: x,y.1,z.1,time,name
-0.4840242,-0.9999068999999999,0.46653409999999995,-2.167655,-2.236928,-1.390421,2.0577799999999997,braco.R
-1.025899,-1.9637509999999998,0.48148779999999997,-2.3434150000000002,-2.8217470000000002,1.154302,2.571023,braco.R
0.3861381,0.6233289000000001,-0.175603,0.3321337,0.5336905,-1.308959,3.577557,braco.R
0.60483445,1.1331434500000002,-0.4222572,0.09502816,0.7543982,-5.485258999999999,4.089487999999999,braco.R
0.3686241,0.7328210000000001,-0.2046213,-0.11372390999999996,-0.35477590000000003,0.148803,5.106799,braco.R
-1.2460069999999999,-2.070225,0.07093405,-0.6584793999999999,-1.46395,1.7973175,6.132798,braco.R
-0.8801061,-1.261699,0.3464894,-0.3203271,-0.5326685,-0.007283250000000074,6.641951,braco.R
0.6577542,1.16503,-0.3671498,-1.02010955,-1.1339312499999998,-1.811884,7.662947999999999,braco.R
-0.3644266,-0.7311574000000001,0.3600374,-1.7198919999999998,-1.735194,-1.118835,8.672464,braco.R
0.1334516,0.2332261,-0.0764767,0.1705335,0.3334905,-0.33428159999999996,10.19192,braco.R
0.5301676,1.056029,-0.34059809999999996,-1.5298202500000002,-1.5096837500000002,0.3981627,11.717030000000001,braco.R
-0.7861363,-1.646223,0.11296515000000004,-3.2301740000000003,-3.3528580000000003,-1.635135,12.22253,braco.R
-1.164743,-2.0218220000000002,0.26400527500000004,-1.0615809999999999,-1.821741,3.3306949999999995,12.733189999999999,braco.R
-1.099222,-1.56795,0.41504540000000006,-0.2732045,-0.5880526999999999,-0.5842390000000006,13.2492,braco.R
-0.1768242,-0.143474,-0.4703964,0.6321393,0.2015345,-4.499173000000001,13.76123,braco.R
0.7455736,1.281002,-0.3505178,0.6008955,0.9911216999999999,-2.741188,14.26583,braco.R
-0.16777129999999998,-0.3270864,0.20893699999999998,-1.0661120000000002,-0.9934985999999999,-0.7377913,15.27214,braco.R
-1.417253,-2.1808240000000003,0.49412079999999997,-0.1526884,-0.9782972,-0.7377913,16.27543,braco.R
