LinVel: x,y,z,AngVel: x,y.1,z.1,time,name
-6.490112,-1.0271489999999999,0.21067460000000002,0.007580013000000001,-0.8610894,-3.1187810000000002,1.555731,femur.L
-1.719654,0.6043069000000001,-0.1151221,0.04631899,0.42665749999999997,1.588948,2.0577799999999997,femur.L
-4.0846860000000005,0.517710925,-0.5344569,-0.6842095,0.009863049999999957,0.050775000000000015,2.571023,femur.L
1.530238,-0.48495609999999995,0.227131,-0.2603273,-0.40693140000000005,-1.487398,3.577557,femur.L
3.103672,-1.004271,0.162977215,-0.123781245,-0.8219832,-2.9587790000000003,4.597568,femur.L
1.370013,-0.408978,0.09882343,0.01276481,-0.3860008,-1.254428,5.106799,femur.L
-3.268581,1.146759,-0.1554011,-0.48706465000000004,0.8225283999999999,3.1539349999999997,6.641951,femur.L
-0.2648050000000002,-1.55007,0.08641995000000001,-0.22983088000000002,-1.358473,-5.003266,7.150146,femur.L
0.74101,-1.118409,0.23325810000000002,0.02740289,-0.9188662000000001,-3.374933,8.171892,femur.L
-1.256951,0.45069750000000003,-0.07708195,0.06102625,0.3005589,1.1607180000000001,8.672464,femur.L
-3.938851,1.306223,-0.46697879999999997,-0.562762,-0.11547639999999995,-0.31646450000000004,9.184596,femur.L
1.9586290000000002,-0.5873801,0.13195739999999997,0.004619198,-0.5315116999999999,-1.7936470000000002,11.717030000000001,femur.L
-2.9120779999999997,1.006126,-0.2081208,-0.03749009,0.7271629,2.705444,12.22253,femur.L
-4.076937,-0.09298474999999995,-0.3054281,0.03057661,1.05303,-0.8523425000000002,13.2492,femur.L
-0.483738,-1.399879,-0.021584449999999977,0.05274617,-1.178136,-4.410129,13.76123,femur.L
1.2804987,-1.185383,-0.02233037499999999,0.07491573,-0.9575070999999999,-3.5607830000000003,14.766470000000002,femur.L
-0.5484635999999999,0.21395709999999998,-0.0230763,0.05872155,0.1094164,0.5125613,15.27214,femur.L
-3.78522,1.2766170000000001,-0.38151430000000003,-0.3938491,1.001893,0.5125613,15.772229999999999,femur.L
